{"latt":{"gte":-34.93364163477092,"lte":-34.923086152633886},"longt":{"gte":138.5893624920328,"lte":138.60223709530428}}